Priority,Brand,Date,Consumers,Consumer Share (%),1,2,3,4,5,6,7,8,9,10,11,12,To Review
High,FRESHCO,2024-01-15,1280000,21.54,200,25,56,98,134,77,12,189,45,101,63,88,True
Medium,GOLDLEAF,2024-02-20,1030000,17.29,25,69,87,450,92,11,176,54,120,33,199,67,False
Low,HARVEST,2024-03-10,917000,15.41,25,58,55,41,183,29,102,67,8,144,56,172,False
Medium,SUMMIT,2024-04-05,905000,15.2,69,87,55,10,120,200,43,99,76,58,132,21,False
Low,ARTISAN,2024-05-12,574000,9.64,100,100,25,36,17,88,145,200,39,77,123,55,True
Medium,GROVE,2024-06-18,513000,8.62,58,96,56,20,200,44,111,78,66,12,98,173,False
High,BLOOM,2024-07-25,502000,8.43,20,68,24,85,56,199,77,120,33,188,45,101,True
Low,CRAFT,2024-08-30,441000,7.41,78,99,63,02,144,56,172,183,29,102,67,8,False
High,PURE,2024-09-05,387000,6.51,55,68,95,30,12,189,45,101,63,88,92,11,True
Low,VIVO,2024-09-08,350000,5.89,32,59,78,44,176,54,120,33,199,67,183,29,False
Medium,PHILIP MORRIS,2024-09-10,295000,4.95,45,82,73,91,156,88,64,142,78,95,110,47,True
